Id,Title,Descripstion,DateTime,ImgUrl,Fileurl,Category,UserId,Like,DisLike
2b585a32-bd99-4d13-b7d8-7aacecdb8b50,t4,t4,3/30/2023 3:58:51 PM,null,null,business,c5154943-05d9-4e92-8c6c-315a4e1203fa,0,0
562f0d2d-fd3d-4e23-ad54-b4b44ed561d3,t3,t3,3/30/2023 1:54:19 PM,null,2 Guide to completing second stage online registration VN235419515.docx,signal_processing,c5154943-05d9-4e92-8c6c-315a4e1203fa,0,1
9ac46e73-9eea-44e1-85df-65ac48736087,t1,t1,3/30/2023 8:18:40 AM,null,null,signal_processing,c5154943-05d9-4e92-8c6c-315a4e1203fa,1,0
d3578757-c4cf-4b02-b675-11829a9ab4c4,t2,t2,3/30/2023 9:49:16 AM,null,null,signal_processing,c5154943-05d9-4e92-8c6c-315a4e1203fa,0,0
